"(PDH-CSV 4.0) (Mitteleuropäische Sommerzeit)(-120)","\\LAPTOP-4BN3RL0L\Prozessorinformationen(_Total)\% Prozessorleistung","\\LAPTOP-4BN3RL0L\Prozessorinformationen(_Total)\% der maximalen Frequenz"
"10/08/2026 16:49:54.836"," ","100"
"10/08/2026 16:49:55.845","153.51937483793403771","100"
"10/08/2026 16:49:56.851","155.7610434251607785","100"
"10/08/2026 16:49:57.861","157.59560465515761507","100"
"10/08/2026 16:49:58.871","157.59367393961684911","100"
"10/08/2026 16:49:59.880","156.31731746337803202","100"
"10/08/2026 16:50:00.893","159.80033128307178458","100"
"10/08/2026 16:50:01.904","158.67370555087040884","100"
"10/08/2026 16:50:02.919","157.64679859464297351","100"
"10/08/2026 16:50:03.927","155.94869153309295484","100"
"10/08/2026 16:50:04.936","155.38135247699509023","100"
"10/08/2026 16:50:05.947","154.81641577203578208","100"
"10/08/2026 16:50:06.953","156.16254106891415177","100"
"10/08/2026 16:50:07.961","155.90835710913606249","100"
"10/08/2026 16:50:08.966","156.1476357499182086","100"
"10/08/2026 16:50:09.972","132.31860908696347678","100"
"10/08/2026 16:50:10.981","121.47354530849966636","100"
"10/08/2026 16:50:11.989","123.1095604504223644","100"
"10/08/2026 16:50:12.995","138.44636647568324861","100"
"10/08/2026 16:50:14.005","149.29346910437399742","100"
"10/08/2026 16:50:15.022","152.58529628311333681","100"
"10/08/2026 16:50:16.036","155.94385348747141506","100"
"10/08/2026 16:50:17.051","156.2628441086012856","100"
"10/08/2026 16:50:18.064","166.35061105468366804","100"
"10/08/2026 16:50:19.077","154.39702963559446403","100"
"10/08/2026 16:50:20.082","154.00321630014576613","100"
"10/08/2026 16:50:21.087","142.6387712267039376","100"
"10/08/2026 16:50:22.090","139.58398278227443257","100"
"10/08/2026 16:50:23.097","140.60695786303139698","100"
"10/08/2026 16:50:24.102","147.32288705732170797","100"
"10/08/2026 16:50:25.111","151.99237835198815105","100"
"10/08/2026 16:50:26.120","152.26423333437057295","100"
"10/08/2026 16:50:27.134","144.98804290718038601","100"
"10/08/2026 16:50:28.141","146.2010565631143777","100"
"10/08/2026 16:50:29.147","164.64148714384990058","100"
"10/08/2026 16:50:30.157","154.97376345172534684","100"
"10/08/2026 16:50:31.168","154.0828608240417168","100"
"10/08/2026 16:50:32.184","157.03723225966894006","100"
"10/08/2026 16:50:33.199","156.02317834688258813","100"
"10/08/2026 16:50:34.214","169.45130354278123264","100"
"10/08/2026 16:50:35.227","155.65858314218672831","100"
"10/08/2026 16:50:36.240","156.80497679416032497","100"
"10/08/2026 16:50:37.249","156.81055270124682011","100"
"10/08/2026 16:50:38.265","154.86911071133368978","100"
"10/08/2026 16:50:39.278","151.90867045127987467","100"
"10/08/2026 16:50:40.287","153.41508332684801985","100"
"10/08/2026 16:50:41.304","161.83518688039265498","100"
"10/08/2026 16:50:42.319","157.79952144239348399","100"
"10/08/2026 16:50:43.328","156.89825105303805231","100"
"10/08/2026 16:50:44.341","155.66784602169011009","100"
"10/08/2026 16:50:45.349","157.444533328889122","100"
"10/08/2026 16:50:46.355","158.11987186284412132","100"
"10/08/2026 16:50:47.369","150.73540885601377681","100"
"10/08/2026 16:50:48.380","153.96671556796491132","100"
"10/08/2026 16:50:49.385","153.34095050535918858","100"
"10/08/2026 16:50:50.390","149.1945343678810616","100"
"10/08/2026 16:50:51.399","152.51630468379732974","100"
"10/08/2026 16:50:52.404","154.94382052373856595","100"
"10/08/2026 16:50:53.412","152.12560155850670185","100"
"10/08/2026 16:50:54.415","146.07446552230112502","100"
"10/08/2026 16:50:55.419","149.55617503363990295","100"
"10/08/2026 16:50:56.427","152.85699660100740971","100"
"10/08/2026 16:50:57.437","154.3344906008003079","100"
"10/08/2026 16:50:58.448","156.88783995412134686","100"
"10/08/2026 16:50:59.465","153.43759666747376968","100"
"10/08/2026 16:51:00.476","158.0977112676056322","100"
"10/08/2026 16:51:01.486","158.6542607702258465","100"
"10/08/2026 16:51:02.497","157.57226581846597924","100"
"10/08/2026 16:51:03.509","158.63981516173348041","100"
"10/08/2026 16:51:04.512","167.55713767248636259","100"
"10/08/2026 16:51:05.523","158.81451125920884238","100"
"10/08/2026 16:51:06.531","151.88910047508736056","100"
"10/08/2026 16:51:07.543","156.86023100317930812","100"
"10/08/2026 16:51:08.553","157.47051444322559632","100"
"10/08/2026 16:51:09.566","156.79661092905357123","100"
"10/08/2026 16:51:10.577","151.01990800203111576","100"
"10/08/2026 16:51:11.591","167.30370391589562473","100"
"10/08/2026 16:51:12.606","161.00320391680281773","100"
"10/08/2026 16:51:13.617","152.516028231822105","100"
"10/08/2026 16:51:14.619","156.05134577431923049","100"
"10/08/2026 16:51:15.627","155.40671613206825441","100"
"10/08/2026 16:51:16.633","147.32743200925830251","100"
"10/08/2026 16:51:17.643","149.60506974972284411","100"
"10/08/2026 16:51:18.652","141.95041339234225575","100"
"10/08/2026 16:51:19.655","162.18593684821445322","100"
"10/08/2026 16:51:20.667","145.28182735672336889","100"
"10/08/2026 16:51:21.669","156.1411889067283596","100"
"10/08/2026 16:51:22.684","157.52543071082931192","100"
"10/08/2026 16:51:23.700","153.13663150620507736","100"
"10/08/2026 16:51:24.714","158.52407889359687942","100"
"10/08/2026 16:51:25.726","158.90827605812805245","100"
"10/08/2026 16:51:26.734","170.22262098198515901","100"
"10/08/2026 16:51:27.747","157.57974581147209392","100"
"10/08/2026 16:51:28.758","156.49767295101364084","100"
"10/08/2026 16:51:29.771","156.5176716962895398","100"
"10/08/2026 16:51:30.776","145.05895532189404662","100"
"10/08/2026 16:51:31.780","145.1129741197175349","100"
"10/08/2026 16:51:32.783","147.38371930478541572","100"
"10/08/2026 16:51:33.798","161.1161294984824508","100"
"10/08/2026 16:51:34.809","169.18773264627802178","100"
"10/08/2026 16:51:35.817","156.94593172688561822","100"
"10/08/2026 16:51:36.831","155.30009331430454722","100"
"10/08/2026 16:51:37.844","153.68546265267121953","100"
"10/08/2026 16:51:38.859","152.26894961298046383","100"
"10/08/2026 16:51:39.868","152.79583609820835477","100"
"10/08/2026 16:51:40.881","156.63020945929716277","100"
"10/08/2026 16:51:41.884","163.25022414429619744","100"
"10/08/2026 16:51:42.898","153.36372588068684308","100"
"10/08/2026 16:51:43.906","151.92840247410416055","100"
"10/08/2026 16:51:44.922","144.36807553645093094","100"
"10/08/2026 16:51:45.927","150.87934881029059397","100"
"10/08/2026 16:51:46.935","153.59944996404823314","100"
"10/08/2026 16:51:47.944","154.68638172499512962","100"
"10/08/2026 16:51:48.947","161.5062529950093051","100"
"10/08/2026 16:51:49.960","155.89728297221151365","100"
"10/08/2026 16:51:50.973","152.17946696754714253","100"
"10/08/2026 16:51:51.978","146.70067544134889204","100"
"10/08/2026 16:51:52.992","153.63843617829880372","100"
"10/08/2026 16:51:54.006","158.55229243025004848","100"
"10/08/2026 16:51:55.022","158.53244303935463222","100"
"10/08/2026 16:51:56.034","159.85592462614837928","100"
"10/08/2026 16:51:57.042","160.06841804356525927","100"
"10/08/2026 16:51:58.055","162.82604942407297699","100"
"10/08/2026 16:51:59.070","154.85279228692138531","100"
"10/08/2026 16:52:00.084","153.92969600232169114","100"
"10/08/2026 16:52:01.095","158.88063547561341693","100"
"10/08/2026 16:52:02.110","154.28580892417190285","100"
"10/08/2026 16:52:03.125","152.70920081715581773","100"
"10/08/2026 16:52:04.140","158.44257975929915006","100"
"10/08/2026 16:52:05.150","169.49093059057139499","100"
"10/08/2026 16:52:06.155","146.81842371844845729","100"
"10/08/2026 16:52:07.157","151.86615011468771286","100"
"10/08/2026 16:52:08.168","159.15282073334105917","100"
"10/08/2026 16:52:09.184","158.26619882010123774","100"
"10/08/2026 16:52:10.193","159.41806501601692503","100"
"10/08/2026 16:52:11.206","154.47498695052385642","100"
"10/08/2026 16:52:12.210","164.37721224479125226","100"
"10/08/2026 16:52:13.218","149.16395439785736698","100"
"10/08/2026 16:52:14.223","148.71150270372828572","100"
"10/08/2026 16:52:15.234","155.79082659474261163","100"
"10/08/2026 16:52:16.242","143.5596297409586839","100"
"10/08/2026 16:52:17.244","141.69044993629813689","100"
"10/08/2026 16:52:18.258","153.82905587304585993","100"
"10/08/2026 16:52:19.266","159.39510944586865548","100"
"10/08/2026 16:52:20.277","166.92287219140470711","100"
"10/08/2026 16:52:21.291","154.28371334987804175","100"
"10/08/2026 16:52:22.302","152.68521137748965089","100"
"10/08/2026 16:52:23.317","154.08619535209527385","100"
"10/08/2026 16:52:24.320","155.46547358299054054","100"
"10/08/2026 16:52:25.333","149.68492276143584263","100"
"10/08/2026 16:52:26.347","156.82521560355644397","100"
"10/08/2026 16:52:27.358","170.46603458737862979","100"
"10/08/2026 16:52:28.370","153.89025181051817981","100"
"10/08/2026 16:52:29.379","155.32019783537270996","100"
"10/08/2026 16:52:30.384","155.01419620740617233","100"
"10/08/2026 16:52:31.397","155.0408021905473106","100"
"10/08/2026 16:52:32.406","154.63650757142170278","100"
"10/08/2026 16:52:33.411","149.3441527446300654","100"
"10/08/2026 16:52:34.427","160.59730873040589927","100"
"10/08/2026 16:52:35.444","161.59234642253417746","100"
"10/08/2026 16:52:36.450","152.55513685654895539","100"
"10/08/2026 16:52:37.458","151.40489627923759031","100"
"10/08/2026 16:52:38.467","154.142993476118221","100"
"10/08/2026 16:52:39.474","156.29488021004266329","100"
"10/08/2026 16:52:40.479","154.22199014567266317","100"
"10/08/2026 16:52:41.493","157.49615978800491689","100"
"10/08/2026 16:52:42.508","162.92905617992732914","100"
"10/08/2026 16:52:43.518","149.86335691426646122","100"
"10/08/2026 16:52:44.525","147.87955535182214817","100"
"10/08/2026 16:52:45.542","144.66727881701564229","100"
"10/08/2026 16:52:46.561","143.05167505513989568","100"
"10/08/2026 16:52:47.566","139.42224317355561425","100"
"10/08/2026 16:52:48.572","137.7339596806891393","100"
"10/08/2026 16:52:49.581","158.04700901534857849","100"
"10/08/2026 16:52:50.589","167.87298000848213064","100"
"10/08/2026 16:52:51.602","155.89480140522312013","100"
"10/08/2026 16:52:52.608","151.47560512305426528","100"
"10/08/2026 16:52:53.617","152.20227774400973431","100"
"10/08/2026 16:52:54.627","152.65988194266532219","100"
"10/08/2026 16:52:55.638","155.11534830017859576","100"
"10/08/2026 16:52:56.652","154.87534781079094159","100"
"10/08/2026 16:52:57.664","166.62273503531318397","100"
"10/08/2026 16:52:58.676","157.85944876939080928","100"
"10/08/2026 16:52:59.685","153.45095152347747103","100"
"10/08/2026 16:53:00.693","152.85908943556057693","100"
"10/08/2026 16:53:01.699","152.61423509474656157","100"
"10/08/2026 16:53:02.711","152.8990980610298891","100"
"10/08/2026 16:53:03.714","149.73643448446432558","100"
"10/08/2026 16:53:04.732","157.45602991448262742","100"
"10/08/2026 16:53:05.735","157.74863136436121636","100"
"10/08/2026 16:53:06.746","149.16704019476935628","100"
"10/08/2026 16:53:07.757","143.07956695648007894","100"
"10/08/2026 16:53:08.765","149.52820703880087194","100"
"10/08/2026 16:53:09.778","149.84623006537395895","100"
"10/08/2026 16:53:10.793","148.86547555896660811","100"
"10/08/2026 16:53:11.805","150.00133607850008843","100"
"10/08/2026 16:53:12.814","160.72046445288174255","100"
"10/08/2026 16:53:13.817","162.79698407163488127","100"
"10/08/2026 16:53:14.827","156.23437882941675525","100"
"10/08/2026 16:53:15.834","147.29347902032128559","100"
"10/08/2026 16:53:16.845","159.31562373424762313","100"
"10/08/2026 16:53:17.856","158.23060401457769331","100"
"10/08/2026 16:53:18.867","159.81518769814226744","100"
"10/08/2026 16:53:19.884","163.49704938468067894","100"
"10/08/2026 16:53:20.895","167.15378786238551356","100"
"10/08/2026 16:53:21.903","158.23017856832166217","100"
"10/08/2026 16:53:22.914","157.73394698461521557","100"
"10/08/2026 16:53:23.926","156.04432818021444973","100"
"10/08/2026 16:53:24.938","158.79519087249536824","100"
"10/08/2026 16:53:25.940","152.84060213279241225","100"
"10/08/2026 16:53:26.955","156.63894292731561109","100"
"10/08/2026 16:53:27.958","170.12056046581761848","100"
